use jogiyo;
insert into user(ID, PASSWD, NAME, AUTH, PHONE) values ('user1', 'user1', 'user1', '구매자', '010-0001-0001');
insert into user(ID, PASSWD, NAME, AUTH, PHONE) values ('user2', 'user2', 'user2', '구매자', '010-0001-0002');
insert into user(ID, PASSWD, NAME, AUTH, PHONE) values ('user3', 'user3', 'user3', '구매자', '010-0001-0003');
insert into user(ID, PASSWD, NAME, AUTH, PHONE) values ('user4', 'user4', 'user4', '구매자', '010-0001-0004');
insert into user(ID, PASSWD, NAME, AUTH, PHONE) values ('user5', 'user5', 'user5', '구매자', '010-0001-0005');
insert into user(ID, PASSWD, NAME, AUTH, PHONE) values ('user6', 'user6', 'user6', '구매자', '010-0001-0006');
insert into user(ID, PASSWD, NAME, AUTH, PHONE) values ('user7', 'user7', 'user7', '구매자', '010-0001-0007');
insert into user(ID, PASSWD, NAME, AUTH, PHONE) values ('user8', 'user8', 'user8', '구매자', '010-0001-0008');
insert into user(ID, PASSWD, NAME, AUTH, PHONE) values ('user9', 'user9', 'user9', '구매자', '010-0001-0009');
insert into user(ID, PASSWD, NAME, AUTH, PHONE) values ('user10', 'user10', 'user10', '구매자', '010-0001-0010');
insert into user(ID, PASSWD, NAME, AUTH, PHONE) values ('user11', 'user11', 'user11', '구매자', '010-0001-0011');
insert into user(ID, PASSWD, NAME, AUTH, PHONE) values ('user12', 'user12', 'user12', '구매자', '010-0001-0012');
insert into user(ID, PASSWD, NAME, AUTH, PHONE) values ('user13', 'user13', 'user13', '구매자', '010-0001-0013');
insert into user(ID, PASSWD, NAME, AUTH, PHONE) values ('user14', 'user14', 'user14', '구매자', '010-0001-0014');
insert into user(ID, PASSWD, NAME, AUTH, PHONE) values ('user15', 'user15', 'user15', '구매자', '010-0001-0015');
insert into user(ID, PASSWD, NAME, AUTH, PHONE) values ('user16', 'user16', 'user16', '구매자', '010-0001-0016');
insert into user(ID, PASSWD, NAME, AUTH, PHONE) values ('user17', 'user17', 'user17', '구매자', '010-0001-0017');
insert into user(ID, PASSWD, NAME, AUTH, PHONE) values ('user18', 'user18', 'user18', '구매자', '010-0001-0018');
insert into user(ID, PASSWD, NAME, AUTH, PHONE) values ('user19', 'user19', 'user19', '구매자', '010-0001-0019');
insert into user(ID, PASSWD, NAME, AUTH, PHONE) values ('user20', 'user20', 'user20', '구매자', '010-0001-0020');
insert into user(ID, PASSWD, NAME, AUTH, PHONE) values ('user21', 'user21', 'user21', '구매자', '010-0001-0021');
insert into user(ID, PASSWD, NAME, AUTH, PHONE) values ('user22', 'user22', 'user22', '구매자', '010-0001-0022');
insert into user(ID, PASSWD, NAME, AUTH, PHONE) values ('user23', 'user23', 'user23', '구매자', '010-0001-0023');
insert into user(ID, PASSWD, NAME, AUTH, PHONE) values ('user24', 'user24', 'user24', '구매자', '010-0001-0024');
insert into user(ID, PASSWD, NAME, AUTH, PHONE) values ('user25', 'user25', 'user25', '구매자', '010-0001-0025');
insert into user(ID, PASSWD, NAME, AUTH, PHONE) values ('seller1', 'seller1', 'seller1', '판매자', '010-0010-0010');
insert into user(ID, PASSWD, NAME, AUTH, PHONE) values ('seller2', 'seller2', 'seller2', '판매자', '010-0010-0020');
insert into user(ID, PASSWD, NAME, AUTH, PHONE) values ('seller3', 'seller3', 'seller3', '판매자', '010-0010-0030');
insert into user(ID, PASSWD, NAME, AUTH, PHONE) values ('seller4', 'seller4', 'seller4', '판매자', '010-0010-0040');
insert into user(ID, PASSWD, NAME, AUTH, PHONE) values ('seller5', 'seller5', 'seller5', '판매자', '010-0010-0050');
insert into user(ID, PASSWD, NAME, AUTH, PHONE) values ('seller6', 'seller6', 'seller6', '판매자', '010-0010-0060');
insert into user(ID, PASSWD, NAME, AUTH, PHONE) values ('seller7', 'seller7', 'seller7', '판매자', '010-0010-0070');
insert into user(ID, PASSWD, NAME, AUTH, PHONE) values ('seller8', 'seller8', 'seller8', '판매자', '010-0010-0080');
insert into user(ID, PASSWD, NAME, AUTH, PHONE) values ('manager1', 'manager1', 'manager1', '관리자', '010-1111-1111');
insert into user(ID, PASSWD, NAME, AUTH, PHONE) values ('manager2', 'manager2', 'manager2', '관리자', '010-2222-2222');
insert into category (NAME) values('한식');
insert into category (NAME) values('중식');
insert into category (NAME) values('일식');
insert into category (NAME) values('양식');
insert into category (NAME) values('치킨');
insert into category (NAME) values('피자');
insert into category (NAME) values('햄버거');
insert into category (NAME) values('족발');
insert into category (NAME) values('분식');
insert into category (NAME) values('야식');
insert into store (NAME, PHONE, DELIVERY_TIME, UPTIME, CLOSETIME, PRICE_LIMIT) values('음식점1', '010-0100-0100', 15, '10:00:00', '20:00:00', 10000);
insert into store (NAME, PHONE, DELIVERY_TIME, UPTIME, CLOSETIME, PRICE_LIMIT) values('음식점2', '010-0100-0200', 30, '11:00:00', '20:00:00', 15000);
insert into store (NAME, PHONE, DELIVERY_TIME, UPTIME, CLOSETIME, PRICE_LIMIT) values('음식점3', '010-0100-0300', 45, '12:00:00', '22:00:00', 0);
insert into store (NAME, PHONE, DELIVERY_TIME, UPTIME, CLOSETIME, PRICE_LIMIT) values('음식점4', '010-0100-0400', 50, '13:00:00', '22:00:00', 13000);
insert into store (NAME, PHONE, DELIVERY_TIME, UPTIME, CLOSETIME, PRICE_LIMIT) values('음식점5', '010-0100-0500', 25, '14:00:00', '22:00:00', 12000);
insert into store (NAME, PHONE, DELIVERY_TIME, UPTIME, CLOSETIME, PRICE_LIMIT) values('음식점6', '010-0100-0600', 37, '15:00:00', '23:00:00', 8000);
insert into store (NAME, PHONE, DELIVERY_TIME, UPTIME, CLOSETIME, PRICE_LIMIT) values('음식점7', '010-0100-0700', 41, '16:00:00', '23:00:00', 14000);
insert into store (NAME, PHONE, DELIVERY_TIME, UPTIME, CLOSETIME, PRICE_LIMIT) values('음식점8', '010-0100-0800', 95, '16:00:00', '02:00:00', 14000);
insert into store (NAME, PHONE, DELIVERY_TIME, UPTIME, CLOSETIME, PRICE_LIMIT) values('음식점9', '010-0100-0900', 88, '16:00:00', '02:00:00', 15000);
insert into store (NAME, PHONE, DELIVERY_TIME, UPTIME, CLOSETIME, PRICE_LIMIT) values('음식점10', '010-0100-1000', 76, '16:00:00', '02:00:00', 12000);
insert into store (NAME, PHONE, DELIVERY_TIME, UPTIME, CLOSETIME, PRICE_LIMIT) values('음식점11', '010-0100-1100', 31, '16:00:00', '02:00:00', 15000);
insert into store (NAME, PHONE, DELIVERY_TIME, UPTIME, CLOSETIME, PRICE_LIMIT) values('음식점12', '010-0100-1200', 10, '16:00:00', '02:00:00', 7000);
insert into store (NAME, PHONE, DELIVERY_TIME, UPTIME, CLOSETIME, PRICE_LIMIT) values('음식점13', '010-0100-1300', 13, '17:00:00', '02:00:00', 0);
insert into store (NAME, PHONE, DELIVERY_TIME, UPTIME, CLOSETIME, PRICE_LIMIT) values('음식점14', '010-0100-1400', 22, '17:00:00', '04:00:00', 0);
insert into store (NAME, PHONE, DELIVERY_TIME, UPTIME, CLOSETIME, PRICE_LIMIT) values('음식점15', '010-0100-1500', 44, '17:00:00', '04:00:00', 4000);
insert into store (NAME, PHONE, DELIVERY_TIME, UPTIME, CLOSETIME, PRICE_LIMIT) values('음식점16', '010-0100-1600', 34, '17:00:00', '06:00:00', 5000);
insert into store (NAME, PHONE, DELIVERY_TIME, UPTIME, CLOSETIME, PRICE_LIMIT) values('음식점17', '010-0100-1700', 42, '18:00:00', '06:00:00', 5000);
insert into store (NAME, PHONE, DELIVERY_TIME, UPTIME, CLOSETIME, PRICE_LIMIT) values('음식점18', '010-0100-1800', 39, '18:00:00', '06:00:00', 10000);
insert into store (NAME, PHONE, DELIVERY_TIME, UPTIME, CLOSETIME, PRICE_LIMIT) values('음식점19', '010-0100-1900', 55, '18:00:00', '08:00:00', 10000);
insert into store (NAME, PHONE, DELIVERY_TIME, UPTIME, CLOSETIME, PRICE_LIMIT) values('음식점20', '010-0100-2000', 40, '18:00:00', '08:00:00', 13000);
insert into store (NAME, PHONE, DELIVERY_TIME, UPTIME, CLOSETIME, PRICE_LIMIT) values('음식점21', '010-0100-2100', 44, '16:00:00', '04:00:00', 15000);
insert into store (NAME, PHONE, DELIVERY_TIME, UPTIME, CLOSETIME, PRICE_LIMIT) values('음식점22', '010-0100-2200', 33, '16:00:00', '04:00:00', 15000);
insert into store (NAME, PHONE, DELIVERY_TIME, UPTIME, CLOSETIME, PRICE_LIMIT) values('음식점23', '010-0100-2300', 22, '16:00:00', '04:00:00', 0);
insert into store (NAME, PHONE, DELIVERY_TIME, UPTIME, CLOSETIME, PRICE_LIMIT) values('음식점24', '010-0100-2400', 11, '16:00:00', '04:00:00', 14000);
insert into store (NAME, PHONE, DELIVERY_TIME, UPTIME, CLOSETIME, PRICE_LIMIT) values('음식점25', '010-0100-2500', 9, '16:00:00', '04:00:00', 0);
INSERT INTO menu (NAME, PRICE, content) values('치킨', 17000, '디디치킨');
INSERT INTO menu (NAME, PRICE, content) values('피자', 24000, '파파존스');
INSERT INTO menu (NAME, PRICE, content) values('탕수육', 22000, '김피탕');
INSERT INTO menu (NAME, PRICE, content) values('짜장면', 3500, '미식성');
INSERT INTO menu (NAME, PRICE, content) values('짬뽕', 4000, '향원');
INSERT INTO menu_store values(1 ,1);
INSERT INTO menu_store values(1 ,2);
INSERT INTO menu_store values(1 ,3);
INSERT INTO menu_store values(1 ,4);
INSERT INTO menu_store values(1 ,5);
INSERT INTO menu_store values(1 ,6);
INSERT INTO menu_store values(1 ,7);
INSERT INTO menu_store values(1 ,8);
INSERT INTO menu_store values(1 ,9);
INSERT INTO menu_store values(1 ,10);
INSERT INTO menu_store values(1 ,11);
INSERT INTO menu_store values(1 ,12);
INSERT INTO menu_store values(1 ,13);
INSERT INTO menu_store values(1 ,14);
INSERT INTO menu_store values(1 ,15);
INSERT INTO menu_store values(1 ,16);
INSERT INTO menu_store values(1 ,17);
INSERT INTO menu_store values(1 ,18);
INSERT INTO menu_store values(1 ,19);
INSERT INTO menu_store values(1 ,20);
INSERT INTO menu_store values(1 ,21);
INSERT INTO menu_store values(1 ,22);
INSERT INTO menu_store values(1 ,23);
INSERT INTO menu_store values(1 ,24);
INSERT INTO menu_store values(1 ,25);
INSERT INTO menu_store values(2 ,1);
INSERT INTO menu_store values(2 ,2);
INSERT INTO menu_store values(2 ,3);
INSERT INTO menu_store values(2 ,4);
INSERT INTO menu_store values(2 ,5);
INSERT INTO menu_store values(2 ,6);
INSERT INTO menu_store values(2 ,7);
INSERT INTO menu_store values(2 ,8);
INSERT INTO menu_store values(2 ,9);
INSERT INTO menu_store values(2 ,10);
INSERT INTO menu_store values(2 ,11);
INSERT INTO menu_store values(2 ,12);
INSERT INTO menu_store values(2 ,13);
INSERT INTO menu_store values(2 ,14);
INSERT INTO menu_store values(2 ,15);
INSERT INTO menu_store values(2 ,16);
INSERT INTO menu_store values(2 ,17);
INSERT INTO menu_store values(2 ,18);
INSERT INTO menu_store values(2 ,19);
INSERT INTO menu_store values(2 ,20);
INSERT INTO menu_store values(2 ,21);
INSERT INTO menu_store values(2 ,22);
INSERT INTO menu_store values(2 ,23);
INSERT INTO menu_store values(2 ,24);
INSERT INTO menu_store values(2 ,25);
INSERT INTO menu_store values(3 ,1);
INSERT INTO menu_store values(4 ,1);
INSERT INTO menu_store values(5 ,1);
INSERT INTO menu_store values(3 ,2);
INSERT INTO menu_store values(4 ,2);
INSERT INTO menu_store values(5 ,2);
INSERT INTO store_user values(1, 'seller1');
INSERT INTO store_user values(2, 'seller1');
INSERT INTO store_user values(3, 'seller1');
INSERT INTO store_user values(4, 'seller2');
INSERT INTO store_user values(5, 'seller2');
INSERT INTO store_user values(6, 'seller2');
INSERT INTO store_user values(7, 'seller3');
INSERT INTO store_user values(8, 'seller3');
INSERT INTO store_user values(9, 'seller3');
INSERT INTO store_user values(10, 'seller4');
INSERT INTO store_user values(11, 'seller4');
INSERT INTO store_user values(12, 'seller4');
INSERT INTO store_user values(13, 'seller5');
INSERT INTO store_user values(14, 'seller5');
INSERT INTO store_user values(15, 'seller5');
INSERT INTO store_user values(16, 'seller6');
INSERT INTO store_user values(17, 'seller6');
INSERT INTO store_user values(18, 'seller6');
INSERT INTO store_user values(19, 'seller7');
INSERT INTO store_user values(20, 'seller7');
INSERT INTO store_user values(21, 'seller7');
INSERT INTO store_user values(22, 'seller8');
INSERT INTO store_user values(23, 'seller8');
INSERT INTO store_user values(24, 'seller8');
INSERT INTO store_user values(25, 'seller1');