use jogiyo;

-- -----------------------------------------------------
-- user insert
-- -----------------------------------------------------

insert into user(ID, PASSWD, NAME, AUTH, PHONE, USER_IMG) values ('user1', 'user1', 'user1', '구매자', '010-0001-0001', 'default_user.jpg');
insert into user(ID, PASSWD, NAME, AUTH, PHONE, USER_IMG) values ('user2', 'user2', 'user2', '구매자', '010-0001-0002', 'default_user.jpg');
insert into user(ID, PASSWD, NAME, AUTH, PHONE, USER_IMG) values ('user3', 'user3', 'user3', '구매자', '010-0001-0003', 'default_user.jpg');
insert into user(ID, PASSWD, NAME, AUTH, PHONE, USER_IMG) values ('user4', 'user4', 'user4', '구매자', '010-0001-0004', 'default_user.jpg');
insert into user(ID, PASSWD, NAME, AUTH, PHONE, USER_IMG) values ('user5', 'user5', 'user5', '구매자', '010-0001-0005', 'default_user.jpg');
insert into user(ID, PASSWD, NAME, AUTH, PHONE, USER_IMG) values ('user6', 'user6', 'user6', '구매자', '010-0001-0006', 'default_user.jpg');
insert into user(ID, PASSWD, NAME, AUTH, PHONE, USER_IMG) values ('user7', 'user7', 'user7', '구매자', '010-0001-0007', 'default_user.jpg');
insert into user(ID, PASSWD, NAME, AUTH, PHONE, USER_IMG) values ('user8', 'user8', 'user8', '구매자', '010-0001-0008', 'default_user.jpg');
insert into user(ID, PASSWD, NAME, AUTH, PHONE, USER_IMG) values ('user9', 'user9', 'user9', '구매자', '010-0001-0009', 'default_user.jpg');
insert into user(ID, PASSWD, NAME, AUTH, PHONE, USER_IMG) values ('user10', 'user10', 'user10', '구매자', '010-0001-0010', 'default_user.jpg');
insert into user(ID, PASSWD, NAME, AUTH, PHONE, USER_IMG) values ('user11', 'user11', 'user11', '구매자', '010-0001-0011', 'default_user.jpg');
insert into user(ID, PASSWD, NAME, AUTH, PHONE, USER_IMG) values ('user12', 'user12', 'user12', '구매자', '010-0001-0012', 'default_user.jpg');
insert into user(ID, PASSWD, NAME, AUTH, PHONE, USER_IMG) values ('user13', 'user13', 'user13', '구매자', '010-0001-0013', 'default_user.jpg');
insert into user(ID, PASSWD, NAME, AUTH, PHONE, USER_IMG) values ('user14', 'user14', 'user14', '구매자', '010-0001-0014', 'default_user.jpg');
insert into user(ID, PASSWD, NAME, AUTH, PHONE, USER_IMG) values ('user15', 'user15', 'user15', '구매자', '010-0001-0015', 'default_user.jpg');
insert into user(ID, PASSWD, NAME, AUTH, PHONE, USER_IMG) values ('user16', 'user16', 'user16', '구매자', '010-0001-0016', 'default_user.jpg');
insert into user(ID, PASSWD, NAME, AUTH, PHONE, USER_IMG) values ('user17', 'user17', 'user17', '구매자', '010-0001-0017', 'default_user.jpg');
insert into user(ID, PASSWD, NAME, AUTH, PHONE, USER_IMG) values ('user18', 'user18', 'user18', '구매자', '010-0001-0018', 'default_user.jpg');
insert into user(ID, PASSWD, NAME, AUTH, PHONE, USER_IMG) values ('user19', 'user19', 'user19', '구매자', '010-0001-0019', 'default_user.jpg');
insert into user(ID, PASSWD, NAME, AUTH, PHONE, USER_IMG) values ('user20', 'user20', 'user20', '구매자', '010-0001-0020', 'default_user.jpg');
insert into user(ID, PASSWD, NAME, AUTH, PHONE, USER_IMG) values ('user21', 'user21', 'user21', '구매자', '010-0001-0021', 'default_user.jpg');
insert into user(ID, PASSWD, NAME, AUTH, PHONE, USER_IMG) values ('user22', 'user22', 'user22', '구매자', '010-0001-0022', 'default_user.jpg');
insert into user(ID, PASSWD, NAME, AUTH, PHONE, USER_IMG) values ('user23', 'user23', 'user23', '구매자', '010-0001-0023', 'default_user.jpg');
insert into user(ID, PASSWD, NAME, AUTH, PHONE, USER_IMG) values ('user24', 'user24', 'user24', '구매자', '010-0001-0024', 'default_user.jpg');
insert into user(ID, PASSWD, NAME, AUTH, PHONE, USER_IMG) values ('user25', 'user25', 'user25', '구매자', '010-0001-0025', 'default_user.jpg');
insert into user(ID, PASSWD, NAME, AUTH, PHONE, USER_IMG) values ('seller1', 'seller1', 'seller1', '판매자', '010-0010-0010', 'default_user.jpg');
insert into user(ID, PASSWD, NAME, AUTH, PHONE, USER_IMG) values ('seller2', 'seller2', 'seller2', '판매자', '010-0010-0020', 'default_user.jpg');
insert into user(ID, PASSWD, NAME, AUTH, PHONE, USER_IMG) values ('seller3', 'seller3', 'seller3', '판매자', '010-0010-0030', 'default_user.jpg');
insert into user(ID, PASSWD, NAME, AUTH, PHONE, USER_IMG) values ('seller4', 'seller4', 'seller4', '판매자', '010-0010-0040', 'default_user.jpg');
insert into user(ID, PASSWD, NAME, AUTH, PHONE, USER_IMG) values ('seller5', 'seller5', 'seller5', '판매자', '010-0010-0050', 'default_user.jpg');
insert into user(ID, PASSWD, NAME, AUTH, PHONE, USER_IMG) values ('seller6', 'seller6', 'seller6', '판매자', '010-0010-0060', 'default_user.jpg');
insert into user(ID, PASSWD, NAME, AUTH, PHONE, USER_IMG) values ('seller7', 'seller7', 'seller7', '판매자', '010-0010-0070', 'default_user.jpg');
insert into user(ID, PASSWD, NAME, AUTH, PHONE, USER_IMG) values ('seller8', 'seller8', 'seller8', '판매자', '010-0010-0080', 'default_user.jpg');
insert into user(ID, PASSWD, NAME, AUTH, PHONE, USER_IMG) values ('manager1', 'manager1', 'manager1', '관리자', '010-1111-1111', 'default_user.jpg');
insert into user(ID, PASSWD, NAME, AUTH, PHONE, USER_IMG) values ('manager2', 'manager2', 'manager2', '관리자', '010-2222-2222', 'default_user.jpg');

-- -----------------------------------------------------
-- category insert
-- -----------------------------------------------------

insert into category (NAME) values('전체');
insert into category (NAME) values('한식');
insert into category (NAME) values('중식');
insert into category (NAME) values('일식');
insert into category (NAME) values('치킨');
insert into category (NAME) values('피자/양식');
insert into category (NAME) values('햄버거');
insert into category (NAME) values('족발/보쌈');
insert into category (NAME) values('분식');
insert into category (NAME) values('야식');
insert into category (NAME) values('카페/디저트');

-- -----------------------------------------------------
-- store insert
-- -----------------------------------------------------

insert into store (NAME, PHONE, DELIVERY_TIME, UPTIME, CLOSETIME, PRICE_LIMIT, LAT, LNG) values('음식점1', '010-0100-0100', 15, '10:00:00', '20:00:00', 10000, 37.639009, 127.069693);
insert into store (NAME, PHONE, DELIVERY_TIME, UPTIME, CLOSETIME, PRICE_LIMIT, LAT, LNG) values('음식점2', '010-0100-0200', 30, '11:00:00', '20:00:00', 15000, 37.616429, 127.049275);
insert into store (NAME, PHONE, DELIVERY_TIME, UPTIME, CLOSETIME, PRICE_LIMIT, LAT, LNG) values('음식점3', '010-0100-0300', 45, '12:00:00', '22:00:00', 0,37.610281, 127.060838);
insert into store (NAME, PHONE, DELIVERY_TIME, UPTIME, CLOSETIME, PRICE_LIMIT, LAT, LNG) values('음식점4', '010-0100-0400', 50, '13:00:00', '22:00:00', 13000, 37.590612, 127.058263);
insert into store (NAME, PHONE, DELIVERY_TIME, UPTIME, CLOSETIME, PRICE_LIMIT, LAT, LNG) values('음식점5', '010-0100-0500', 25, '14:00:00', '22:00:00', 12000, 37.238750, 127.206244);
insert into store (NAME, PHONE, DELIVERY_TIME, UPTIME, CLOSETIME, PRICE_LIMIT, LAT, LNG) values('음식점6', '010-0100-0600', 37, '15:00:00', '23:00:00', 8000, 37.6168, 127.058263);
insert into store (NAME, PHONE, DELIVERY_TIME, UPTIME, CLOSETIME, PRICE_LIMIT, LAT, LNG) values('음식점7', '010-0100-0700', 41, '16:00:00', '23:00:00', 14000, 37.354859, 126.933010);
insert into store (NAME, PHONE, DELIVERY_TIME, UPTIME, CLOSETIME, PRICE_LIMIT, LAT, LNG) values('음식점8', '010-0100-0800', 95, '16:00:00', '02:00:00', 14000, 37.516784, 126.789008);
insert into store (NAME, PHONE, DELIVERY_TIME, UPTIME, CLOSETIME, PRICE_LIMIT, LAT, LNG) values('음식점9', '010-0100-0900', 88, '16:00:00', '02:00:00', 15000, 37.615293, 126.924933);
insert into store (NAME, PHONE, DELIVERY_TIME, UPTIME, CLOSETIME, PRICE_LIMIT, LAT, LNG) values('음식점10', '010-0100-1000', 76, '16:00:00', '02:00:00', 12000, 37.593904, 127.133987);
insert into store (NAME, PHONE, DELIVERY_TIME, UPTIME, CLOSETIME, PRICE_LIMIT, LAT, LNG) values('음식점11', '010-0100-1100', 31, '16:00:00', '02:00:00', 15000, 37.395258, 127.108721);
insert into store (NAME, PHONE, DELIVERY_TIME, UPTIME, CLOSETIME, PRICE_LIMIT, LAT, LNG) values('음식점12', '010-0100-1200', 10, '16:00:00', '02:00:00', 7000, 38.112910, 128.197301);
insert into store (NAME, PHONE, DELIVERY_TIME, UPTIME, CLOSETIME, PRICE_LIMIT, LAT, LNG) values('음식점13', '010-0100-1300', 13, '17:00:00', '02:00:00', 0, 37.622836, 127.017758);
insert into store (NAME, PHONE, DELIVERY_TIME, UPTIME, CLOSETIME, PRICE_LIMIT, LAT, LNG) values('음식점14', '010-0100-1400', 22, '17:00:00', '04:00:00', 0, 37.614942, 127.049980);
insert into store (NAME, PHONE, DELIVERY_TIME, UPTIME, CLOSETIME, PRICE_LIMIT, LAT, LNG) values('음식점15', '010-0100-1500', 44, '17:00:00', '04:00:00', 4000, 37.577701, 127.064050);
insert into store (NAME, PHONE, DELIVERY_TIME, UPTIME, CLOSETIME, PRICE_LIMIT, LAT, LNG) values('음식점16', '010-0100-1600', 34, '17:00:00', '06:00:00', 5000, 37.577701, 127.064050);
insert into store (NAME, PHONE, DELIVERY_TIME, UPTIME, CLOSETIME, PRICE_LIMIT, LAT, LNG) values('음식점17', '010-0100-1700', 42, '18:00:00', '06:00:00', 5000, 37.555831, 127.166495);
insert into store (NAME, PHONE, DELIVERY_TIME, UPTIME, CLOSETIME, PRICE_LIMIT, LAT, LNG) values('음식점18', '010-0100-1800', 39, '18:00:00', '06:00:00', 10000, 37.637193, 127.209796);
insert into store (NAME, PHONE, DELIVERY_TIME, UPTIME, CLOSETIME, PRICE_LIMIT, LAT, LNG) values('음식점19', '010-0100-1900', 55, '18:00:00', '08:00:00', 10000, 37.651274, 127.176417);
insert into store (NAME, PHONE, DELIVERY_TIME, UPTIME, CLOSETIME, PRICE_LIMIT, LAT, LNG) values('음식점20', '010-0100-2000', 40, '18:00:00', '08:00:00', 13000, 37.664653, 127.120303);
insert into store (NAME, PHONE, DELIVERY_TIME, UPTIME, CLOSETIME, PRICE_LIMIT, LAT, LNG) values('음식점21', '010-0100-2100', 44, '16:00:00', '04:00:00', 15000, 37.657459, 127.069152);
insert into store (NAME, PHONE, DELIVERY_TIME, UPTIME, CLOSETIME, PRICE_LIMIT, LAT, LNG) values('음식점22', '010-0100-2200', 33, '16:00:00', '04:00:00', 15000, 37.653301, 127.046668);
insert into store (NAME, PHONE, DELIVERY_TIME, UPTIME, CLOSETIME, PRICE_LIMIT, LAT, LNG) values('음식점23', '010-0100-2300', 22, '16:00:00', '04:00:00', 0, 37.659661, 127.032904);
insert into store (NAME, PHONE, DELIVERY_TIME, UPTIME, CLOSETIME, PRICE_LIMIT, LAT, LNG) values('음식점24', '010-0100-2400', 11, '16:00:00', '04:00:00', 14000, 37.651049, 127.016009);
insert into store (NAME, PHONE, DELIVERY_TIME, UPTIME, CLOSETIME, PRICE_LIMIT, LAT, LNG) values('음식점25', '010-0100-2500', 9, '16:00:00', '04:00:00', 0, 37.6181, 127.054);

-- -----------------------------------------------------
-- category_store insert
-- -----------------------------------------------------

insert into category_store values(1, 1);
insert into category_store values(2, 2);
insert into category_store values(3, 3);
insert into category_store values(4, 4);
insert into category_store values(5, 5);
insert into category_store values(6, 6);
insert into category_store values(7, 7);
insert into category_store values(8, 8);
insert into category_store values(9, 9);
insert into category_store values(10, 10);
insert into category_store values(11, 11);
insert into category_store values(2, 12);
insert into category_store values(3, 13);
insert into category_store values(4, 14);
insert into category_store values(5, 15);
insert into category_store values(6, 16);
insert into category_store values(7, 17);
insert into category_store values(8, 18);
insert into category_store values(9, 19);
insert into category_store values(10, 20);
insert into category_store values(1, 21);
insert into category_store values(2, 22);
insert into category_store values(3, 23);
insert into category_store values(4, 24);
insert into category_store values(11, 25);

-- -----------------------------------------------------
-- menu insert
-- -----------------------------------------------------

INSERT INTO menu (store_ID, NAME, PRICE, content, MENU_IMG) values(1, '치킨', 17000, '디디치킨', 'default_menu.jpg');
INSERT INTO menu (store_ID, NAME, PRICE, content, MENU_IMG) values(1, '피자', 24000, '파파존스', 'default_menu.jpg');
INSERT INTO menu (store_ID, NAME, PRICE, content, MENU_IMG) values(1,'탕수육', 22000, '김피탕', 'default_menu.jpg');
INSERT INTO menu (store_ID, NAME, PRICE, content, MENU_IMG) values(1,'짜장면', 3500, '미식성', 'default_menu.jpg');
INSERT INTO menu (store_ID, NAME, PRICE, content, MENU_IMG) values(2, '피자', 24000, '파파존스', 'default_menu.jpg');
INSERT INTO menu (store_ID, NAME, PRICE, content, MENU_IMG) values(3,'탕수육', 22000, '김피탕', 'default_menu.jpg');
INSERT INTO menu (store_ID, NAME, PRICE, content, MENU_IMG) values(4,'짜장면', 3500, '미식성', 'default_menu.jpg');
INSERT INTO menu (store_ID, NAME, PRICE, content, MENU_IMG) values(5, '짬뽕', 4000, '향원', 'default_menu.jpg');
INSERT INTO menu (store_ID, NAME, PRICE, content, MENU_IMG) values(6, '치킨', 17000, '디디치킨', 'default_menu.jpg');
INSERT INTO menu (store_ID, NAME, PRICE, content, MENU_IMG) values(7, '피자', 24000, '파파존스', 'default_menu.jpg');
INSERT INTO menu (store_ID, NAME, PRICE, content, MENU_IMG) values(8, '탕수육', 22000, '김피탕', 'default_menu.jpg');
INSERT INTO menu (store_ID, NAME, PRICE, content, MENU_IMG) values(9, '짜장면', 3500, '미식성', 'default_menu.jpg');
INSERT INTO menu (store_ID, NAME, PRICE, content, MENU_IMG) values(10, '짬뽕', 4000, '향원', 'default_menu.jpg');
INSERT INTO menu (store_ID, NAME, PRICE, content, MENU_IMG) values(11, '치킨', 17000, '디디치킨', 'default_menu.jpg');
INSERT INTO menu (store_ID, NAME, PRICE, content, MENU_IMG) values(12, '피자', 24000, '파파존스', 'default_menu.jpg');
INSERT INTO menu (store_ID, NAME, PRICE, content, MENU_IMG) values(13, '탕수육', 22000, '김피탕', 'default_menu.jpg');
INSERT INTO menu (store_ID, NAME, PRICE, content, MENU_IMG) values(14, '짜장면', 3500, '미식성', 'default_menu.jpg');
INSERT INTO menu (store_ID, NAME, PRICE, content, MENU_IMG) values(15, '짬뽕', 4000, '향원', 'default_menu.jpg');
INSERT INTO menu (store_ID, NAME, PRICE, content, MENU_IMG) values(16, '치킨', 17000, '디디치킨', 'default_menu.jpg');
INSERT INTO menu (store_ID, NAME, PRICE, content, MENU_IMG) values(17, '피자', 24000, '파파존스', 'default_menu.jpg');
INSERT INTO menu (store_ID, NAME, PRICE, content, MENU_IMG) values(18, '탕수육', 22000, '김피탕', 'default_menu.jpg');
INSERT INTO menu (store_ID, NAME, PRICE, content, MENU_IMG) values(19, '짜장면', 3500, '미식성', 'default_menu.jpg');
INSERT INTO menu (store_ID, NAME, PRICE, content, MENU_IMG) values(20, '짬뽕', 4000, '향원', 'default_menu.jpg');
INSERT INTO menu (store_ID, NAME, PRICE, content, MENU_IMG) values(21, '치킨', 17000, '디디치킨', 'default_menu.jpg');
INSERT INTO menu (store_ID, NAME, PRICE, content, MENU_IMG) values(22, '피자', 24000, '파파존스', 'default_menu.jpg');
INSERT INTO menu (store_ID, NAME, PRICE, content, MENU_IMG) values(23, '탕수육', 22000, '김피탕', 'default_menu.jpg');
INSERT INTO menu (store_ID, NAME, PRICE, content, MENU_IMG) values(24, '짜장면', 3500, '미식성', 'default_menu.jpg');
INSERT INTO menu (store_ID, NAME, PRICE, content, MENU_IMG) values(25, '짬뽕', 4000, '향원', 'default_menu.jpg');
INSERT INTO menu (store_ID, NAME, PRICE, content, MENU_IMG) values(10, '치킨', 17000, '디디치킨', 'default_menu.jpg');
INSERT INTO menu (store_ID, NAME, PRICE, content, MENU_IMG) values(9, '피자', 24000, '파파존스', 'default_menu.jpg');
INSERT INTO menu (store_ID, NAME, PRICE, content, MENU_IMG) values(8, '탕수육', 22000, '김피탕', 'default_menu.jpg');
INSERT INTO menu (store_ID, NAME, PRICE, content, MENU_IMG) values(7, '짜장면', 3500, '미식성', 'default_menu.jpg');
INSERT INTO menu (store_ID, NAME, PRICE, content, MENU_IMG) values(6, '짬뽕', 4000, '향원', 'default_menu.jpg');
INSERT INTO menu (store_ID, NAME, PRICE, content, MENU_IMG) values(5, '치킨', 17000, '디디치킨', 'default_menu.jpg');
INSERT INTO menu (store_ID, NAME, PRICE, content, MENU_IMG) values(4, '피자', 24000, '파파존스', 'default_menu.jpg');
INSERT INTO menu (store_ID, NAME, PRICE, content, MENU_IMG) values(3, '탕수육', 22000, '김피탕', 'default_menu.jpg');
INSERT INTO menu (store_ID, NAME, PRICE, content, MENU_IMG) values(2, '짜장면', 3500, '미식성', 'default_menu.jpg');
INSERT INTO menu (store_ID, NAME, PRICE, content, MENU_IMG) values(1, '짬뽕', 4000, '향원', 'default_menu.jpg');

-- -----------------------------------------------------
-- store_user insert
-- -----------------------------------------------------

INSERT INTO store_user values(1, 'seller1');
INSERT INTO store_user values(2, 'seller1');
INSERT INTO store_user values(3, 'seller1');
INSERT INTO store_user values(4, 'seller2');
INSERT INTO store_user values(5, 'seller2');
INSERT INTO store_user values(6, 'seller2');
INSERT INTO store_user values(7, 'seller3');
INSERT INTO store_user values(8, 'seller3');
INSERT INTO store_user values(9, 'seller3');
INSERT INTO store_user values(10, 'seller4');
INSERT INTO store_user values(11, 'seller4');
INSERT INTO store_user values(12, 'seller4');
INSERT INTO store_user values(13, 'seller5');
INSERT INTO store_user values(14, 'seller5');
INSERT INTO store_user values(15, 'seller5');
INSERT INTO store_user values(16, 'seller6');
INSERT INTO store_user values(17, 'seller6');
INSERT INTO store_user values(18, 'seller6');
INSERT INTO store_user values(19, 'seller7');
INSERT INTO store_user values(20, 'seller7');
INSERT INTO store_user values(21, 'seller7');
INSERT INTO store_user values(22, 'seller8');
INSERT INTO store_user values(23, 'seller8');
INSERT INTO store_user values(24, 'seller8');
INSERT INTO store_user values(25, 'seller1');

-- -----------------------------------------------------
-- sold_history insert
-- -----------------------------------------------------

INSERT INTO sold_history (history, user_ID, menu_ID, cnt) values(date_sub(now(), interval 1 day), 'user1', 1, 1);
INSERT INTO sold_history (history, user_ID, menu_ID, cnt) values(NOW(), 'user1', 1, 1);
INSERT INTO sold_history (history, user_ID, menu_ID, cnt) values(date_sub(now(), interval 1 day), 'user2', 1, 2);
INSERT INTO sold_history (history, user_ID, menu_ID, cnt) values(date_sub(now(), interval 5 day), 'user2', 3, 2);
INSERT INTO sold_history (history, user_ID, menu_ID, cnt) values(NOW(), 'user2', 1, 1);
INSERT INTO sold_history (history, user_ID, menu_ID, cnt) values(NOW(), 'user3', 1, 1);
INSERT INTO sold_history (history, user_ID, menu_ID, cnt) values(NOW(), 'user5', 1, 1);
INSERT INTO sold_history (history, user_ID, menu_ID, cnt) values(date_sub(now(), interval 10 day), 'user6', 1, 1);
INSERT INTO sold_history (history, user_ID, menu_ID, cnt) values(NOW(), 'user7', 1, 1);
INSERT INTO sold_history (history, user_ID, menu_ID, cnt) values(NOW(), 'user9', 1, 1);
INSERT INTO sold_history (history, user_ID, menu_ID, cnt) values(NOW(), 'user9', 2, 1);
INSERT INTO sold_history (history, user_ID, menu_ID, cnt) values(NOW(), 'user10', 3, 1);
INSERT INTO sold_history (history, user_ID, menu_ID, cnt) values(NOW(), 'user11', 4, 1);
INSERT INTO sold_history (history, user_ID, menu_ID, cnt) values(date_sub(now(), interval 6 day), 'user12', 2, 2);
INSERT INTO sold_history (history, user_ID, menu_ID, cnt) values(date_sub(now(), interval 15 day), 'user12', 2, 2);
INSERT INTO sold_history (history, user_ID, menu_ID, cnt) values(NOW(), 'user13', 1, 1);
INSERT INTO sold_history (history, user_ID, menu_ID, cnt) values(date_sub(now(), interval 14 day), 'user14', 1, 1);
INSERT INTO sold_history (history, user_ID, menu_ID, cnt) values(NOW(), 'user14', 2, 1);
INSERT INTO sold_history (history, user_ID, menu_ID, cnt) values(date_sub(now(), interval 13 day), 'user15', 1, 1);
INSERT INTO sold_history (history, user_ID, menu_ID, cnt) values(NOW(), 'user15', 3, 1);
INSERT INTO sold_history (history, user_ID, menu_ID, cnt) values(NOW(), 'user16', 1, 1);
INSERT INTO sold_history (history, user_ID, menu_ID, cnt) values(date_sub(now(), interval 12 day), 'user17', 1, 1);
INSERT INTO sold_history (history, user_ID, menu_ID, cnt) values(NOW(), 'user18', 1, 1);
INSERT INTO sold_history (history, user_ID, menu_ID, cnt) values(date_sub(now(), interval 8 day), 'user19', 1, 1);
INSERT INTO sold_history (history, user_ID, menu_ID, cnt) values(date_sub(now(), interval 4 day), 'user20', 1, 1);
INSERT INTO sold_history (history, user_ID, menu_ID, cnt) values(NOW(), 'user21', 1, 1);
INSERT INTO sold_history (history, user_ID, menu_ID, cnt) values(NOW(), 'user22', 1, 1);
INSERT INTO sold_history (history, user_ID, menu_ID, cnt) values(date_sub(now(), interval 7 day), 'user23', 2, 1);
INSERT INTO sold_history (history, user_ID, menu_ID, cnt) values(NOW(), 'user24', 1, 1);
INSERT INTO sold_history (history, user_ID, menu_ID, cnt) values(NOW(), 'user25', 1, 1);
INSERT INTO sold_history (history, user_ID, menu_ID, cnt) values(date_sub(now(), interval 9 day), 'user12', 3, 1);
INSERT INTO sold_history (history, user_ID, menu_ID, cnt) values(date_sub(now(), interval 5 day), 'user12', 1, 1);
INSERT INTO sold_history (history, user_ID, menu_ID, cnt) values(date_sub(now(), interval 3 day), 'user21', 4, 2);

-- -----------------------------------------------------
-- review insert
-- -----------------------------------------------------

INSERT INTO review (date, rate, content, user_ID, menu_ID, store_ID, like_cnt) values(date_sub(now(), interval 9 day), 2,'별론데..','user1', 1, 1, 5);
INSERT INTO review (date, rate, content, user_ID, menu_ID, store_ID, like_cnt) values(date_sub(now(), interval 8 day), 3,'음..','user2', 2, 1, 1);
INSERT INTO review (date, rate, content, user_ID, menu_ID, store_ID, like_cnt) values(date_sub(now(), interval 7 day), 4,'별론데..','user3', 3, 1, 51);
INSERT INTO review (date, rate, content, user_ID, menu_ID, store_ID, like_cnt) values(date_sub(now(), interval 6 day), 5,'괜춘한데?..','user4', 4, 1, 25);
INSERT INTO review (date, rate, content, user_ID, menu_ID, store_ID, like_cnt) values(date_sub(now(), interval 5 day), 1,'별론데..','user5', 2, 1, 34);
INSERT INTO review (date, rate, content, user_ID, menu_ID, store_ID, like_cnt) values(date_sub(now(), interval 4 day), 2,'별로야..','user6', 1, 1, 1);
INSERT INTO review (date, rate, content, user_ID, menu_ID, store_ID, like_cnt) values(date_sub(now(), interval 3 day), 3,'별로네..','user7', 2, 1, 2);
INSERT INTO review (date, rate, content, user_ID, menu_ID, store_ID, like_cnt) values(date_sub(now(), interval 2 day), 5,'흠..','user8', 2, 1, 4);
INSERT INTO review (date, rate, content, user_ID, menu_ID, store_ID, like_cnt) values(date_sub(now(), interval 1 day), 5,'이상하네..','user9', 3, 1, 5);
INSERT INTO review (date, rate, content, user_ID, menu_ID, store_ID, like_cnt) values(date_sub(now(), interval 10 day), 1,'상한거 아님?..','user10', 1, 1, 7);
INSERT INTO review (date, rate, content, user_ID, menu_ID, store_ID, like_cnt) values(date_sub(now(), interval 12 day), 1,'웩..','user11', 1, 2, 8);
INSERT INTO review (date, rate, content, user_ID, menu_ID, store_ID, like_cnt) values(now(), 2,'노맛..','user12', 1, 2, 9);
INSERT INTO review (date, rate, content, user_ID, menu_ID, store_ID, like_cnt) values(now(), 5,'존맛..','user13', 1, 3, 2);
INSERT INTO review (date, rate, content, user_ID, menu_ID, store_ID, like_cnt) values(date_sub(now(), interval 4 day), 5,'좋네..','user14', 1, 4, 1);
INSERT INTO review (date, rate, content, user_ID, menu_ID, store_ID, like_cnt) values(date_sub(now(), interval 1 day), 5,'좋아..','user15', 1, 5, 0);
INSERT INTO review (date, rate, content, user_ID, menu_ID, store_ID, like_cnt) values(now(), 4,'굿굿..','user16', 1, 6, 4);
INSERT INTO review (date, rate, content, user_ID, menu_ID, store_ID, like_cnt) values(now(), 4,'긋긋..','user17', 1, 7, 5);
INSERT INTO review (date, rate, content, user_ID, menu_ID, store_ID, like_cnt) values(now(), 3,'좋네요..','user18', 1, 8, 5);
INSERT INTO review (date, rate, content, user_ID, menu_ID, store_ID, like_cnt) values(now(), 3,'좋아요..','user19', 1, 9, 8);
INSERT INTO review (date, rate, content, user_ID, menu_ID, store_ID, like_cnt) values(now(), 2,'별론데..','user20', 1, 10, 12);
INSERT INTO review (date, rate, content, user_ID, menu_ID, store_ID, like_cnt) values(now(), 2,'웩..','user21', 1, 11, 13);
INSERT INTO review (date, rate, content, user_ID, menu_ID, store_ID, like_cnt) values(date_sub(now(), interval 2 day), 4,':)..','user22', 1, 12, 5);
INSERT INTO review (date, rate, content, user_ID, menu_ID, store_ID, like_cnt) values(now(), 4,'...','user23', 1, 13, 45);
INSERT INTO review (date, rate, content, user_ID, menu_ID, store_ID, like_cnt) values(now(), 3,'아..','user24', 1, 14, 15);
INSERT INTO review (date, rate, content, user_ID, menu_ID, store_ID, like_cnt) values(now(), 1,'ㅡㅡ..','user25', 1, 15, 2);
INSERT INTO review (date, rate, content, user_ID, menu_ID, store_ID, like_cnt) values(date_sub(now(), interval 2 day), 2,'배달 느려요..','user12', 1, 16, 1);
INSERT INTO review (date, rate, content, user_ID, menu_ID, store_ID, like_cnt) values(now(), 3,'배달 빠른데..','user13', 1, 17, 1);
INSERT INTO review (date, rate, content, user_ID, menu_ID, store_ID, like_cnt) values(now(), 3,'배달 별로네..','user14', 1, 18, 2);
INSERT INTO review (date, rate, content, user_ID, menu_ID, store_ID, like_cnt) values(now(), 2,'별론데..','user15', 1, 19, 5);
INSERT INTO review (date, rate, content, user_ID, menu_ID, store_ID, like_cnt) values(now(), 1,'음식이 뒤집어짐..','user16', 1, 20, 5);
INSERT INTO review (date, rate, content, user_ID, menu_ID, store_ID, like_cnt) values(now(), 2,'별론데..','user17', 1, 21, 25);
INSERT INTO review (date, rate, content, user_ID, menu_ID, store_ID, like_cnt) values(now(), 5,'좋아해..','user18', 1, 22, 95);
INSERT INTO review (date, rate, content, user_ID, menu_ID, store_ID, like_cnt) values(now(), 1,'음식이 뒤집어짐..','user16', 1, 23, 5);
INSERT INTO review (date, rate, content, user_ID, menu_ID, store_ID, like_cnt) values(now(), 2,'별론데..','user17', 1, 24, 25);
INSERT INTO review (date, rate, content, user_ID, menu_ID, store_ID, like_cnt) values(now(), 5,'좋아해..','user18', 1, 25, 95);

-- -----------------------------------------------------
-- review insert
-- -----------------------------------------------------

INSERT INTO user_menu values('user1', 1, 1);
INSERT INTO user_menu values('user2', 1, 1);
INSERT INTO user_menu values('user3', 1, 1);
INSERT INTO user_menu values('user4', 1, 1);
INSERT INTO user_menu values('user5', 1, 1);
INSERT INTO user_menu values('user6', 1, 1);
INSERT INTO user_menu values('user7', 1, 1);
INSERT INTO user_menu values('user8', 1, 1);
INSERT INTO user_menu values('user9', 1, 1);
INSERT INTO user_menu values('user10', 1, 1);
INSERT INTO user_menu values('user11', 1, 1);
INSERT INTO user_menu values('user12', 1, 1);
INSERT INTO user_menu values('user13', 1, 1);
INSERT INTO user_menu values('user14', 1, 1);
INSERT INTO user_menu values('user15', 1, 1);
INSERT INTO user_menu values('user16', 1, 1);
INSERT INTO user_menu values('user17', 1, 1);
INSERT INTO user_menu values('user18', 1, 1);
INSERT INTO user_menu values('user19', 1, 1);
INSERT INTO user_menu values('user20', 1, 1);
INSERT INTO user_menu values('user21', 1, 1);
INSERT INTO user_menu values('user22', 1, 1);
INSERT INTO user_menu values('user23', 1, 1);
INSERT INTO user_menu values('user24', 1, 1);
INSERT INTO user_menu values('user25', 1, 1);



















